{"dateDerniereMAJ":"13-05-2014","listLabel":["2012 D\u00e9cembre 2013","2013 Janvier 2014","2013 F\u00e9vrier 2014","2013 Mars 2014","2013 Avril 2014","2013 Mai 2014"],"listDonneesAnneePrecedente":[0,0,0,0,0,0],"listDonneesAnneeActuelle":[0,0,0,0,2421.6092847222,2231.8214389188]}